4942062972;Оптовые поставщики и производители</br>в Китае с гарантией
4942062973;Оптовые поставщики и производители</br>в Китае с гарантией
4942062974;Оптовые поставщики и производители</br>в Китае с гарантией
4942062975;Оптовые поставщики и производители</br>в Китае с гарантией
4942062976;Оптовые поставщики и производители</br>в Китае с гарантией
4942062977;Оптовые поставщики и производители</br>в Китае с гарантией
4942062978;Оптовые поставщики и производители</br>в Китае с гарантией
4942062979;Оптовые поставщики и производители</br>в Китае с гарантией
4942062980;Оптовые поставщики и производители</br>в Китае с гарантией
4942062981;Оптовые поставщики и производители</br>в Китае с гарантией
4942062982;Оптовые поставщики и производители одежды в Китае
4942062983;Оптовые поставщики и производители</br>в Китае с гарантией
4942062984;Оптовые поставщики и производители товаров для детей в Китае
4942062985;Оптовые поставщики и производители игрушек в Китае
4942062986;Оптовые поставщики и производители одежды в Китае
4942062987;Оптовые поставщики и производители</br>в Китае с гарантией
4942062988;Оптовые поставщики и производители</br>в Китае с гарантией
4942062989;Оптовые поставщики и производители тканей в Китае
4942062990;Оптовые поставщики и производители чая в Китае
4942062991;Оптовые поставщики и производители шин в Китае
4942062992;Оптовые поставщики и производители</br>в Китае с гарантией
4942062993;Оптовые поставщики и производители</br>в Китае с гарантией
4942062994;Оптовые поставщики и производители</br>в Китае с гарантией
4942062995;Оптовые поставщики и производители</br>в Китае с гарантией
4942062996;Оптовые поставщики и производители</br>в Китае с гарантией
4942062997;Поможем начать бизнес с Китаем</br>от покупки — до торговли
4942062998;Оборудования для бизнеса из Китая<br/>Подбор, проверка и доставка.
4942062999;Поможем начать бизнес с Китаем</br>от покупки — до торговли
4942063000;Поможем начать бизнес с Китаем</br>от покупки — до торговли
4942063001;Организуем под ключ<br>контрактное производство (СТМ) в Китае
4942063002;Оптовые поставщики и производители</br>в Китае с гарантией
4942063003;Ваш надежный посредник в бизнесе</br>с Китаем — полного цикла
4942063004;Оптовые поставщики и производители тканей в Китае
4942063005;Ваш надежный посредник в бизнесе</br>с Китаем — полного цикла
4942063087;Оптовые поставщики и производители</br>в Китае с гарантией
4942063088;Оптовые поставщики и производители</br>в Китае с гарантией
4942063089;Оптовые поставщики и производители</br>в Китае с гарантией
4942063090;Оптовые поставщики и производители</br>в Китае с гарантией
4942063091;Ваш надежный посредник в бизнесе</br>с Китаем — полного цикла
4942063092;Вывод продукции на рынок Китая,<br>продвижение и организация продаж.
4942063093;Оптовые поставщики и производители</br>в Китае с гарантией
4942063094;Заводы, фабрики и производители</br>в Китае с гарантией
4942063095;Заводы, фабрики и производители</br>в Китае с гарантией
4942063096;Ваш надежный посредник в бизнесе</br>с Китаем — полного цикла
4942063097;Ваш надежный посредник в бизнесе</br>с Китаем — полного цикла
4942063098;Комплексный поставщик складских услуг</br>в Китае — полного цикла
4942063099;Комплексная инспекция</br>в Китае — полного цикла
4942063100;Параллельный импорт товаров из Китая любой категории
4942063101;Ваш надежный посредник в бизнесе</br>с Китаем — полного цикла